{"cameraMode":{"drawMode":0,"name":"Shaded","section":"Shading Mode"},"sceneLighting":false,"audioPlay":false,"sceneViewState":{"m_AlwaysRefresh":false,"showFog":true,"showSkybox":false,"showFlares":true,"showImageEffects":true,"showParticleSystems":true,"showVisualEffectGraphs":true,"m_FxEnabled":true},"in2DMode":false,"pivot":{"x":-1.1563050746917725,"y":0.46605443954467776,"z":1.0661650896072388},"rotation":{"x":-0.23815514147281648,"y":0.5567930936813355,"z":-0.17059758305549622,"w":-0.7772923111915588},"size":4.019716739654541,"orthographic":false}